{
  "cam1": [
    [
      -1.6494787174097814,
      7.06075421542279,
      681.1413809858948
    ],
    [
      -0.2847498729998927,
      0.8944668416521856,
      238.1831569769063
    ],
    [
      -0.0022947140741164246,
      0.01209965882456648,
      1.0
    ]
  ],
  "cam2": [
    [
      -1.118887408753942,
      -16.752769970787604,
      1480.9876230423533
    ],
    [
      2.0607801717368384,
      -25.427167334666134,
      772.2660861474561
    ],
    [
      -0.0009785545145641304,
      -0.03249233042767139,
      1.0
    ]
  ],
  "cam3": [
    [
      3.695953218354294,
      -6.226018981350538,
      1326.3151147803449
    ],
    [
      1.1294349725054018,
      -0.3947353987120734,
      83.99999999999963
    ],
    [
      0.013445654434588124,
      -0.004699230937048524,
      0.9999999999999999
    ]
  ],
  "cam4": [
    [
      -0.11592535363188135,
      -0.6203299034818738,
      307.5624110520469
    ],
    [
      -0.6612159409731632,
      0.5873691903091117,
      532.0000000000043
    ],
    [
      -0.0012428871070924035,
      0.001104077425393093,
      1.0
    ]
  ]
}